"album","year","song","href"
"Boy","1980","I Will Follow","lyrics/u2band/iwillfollow.html"
"Boy","1980","Twilight","lyrics/u2band/twilight.html"
"Boy","1980","An Cat Dubh","lyrics/u2band/ancatdubh.html"
"Boy","1980","Into The Heart","lyrics/u2band/intotheheart.html"
"Boy","1980","Out Of Control","lyrics/u2band/outofcontrol.html"
"Boy","1980","Stories For Boys","lyrics/u2band/storiesforboys.html"
"Boy","1980","The Ocean","lyrics/u2band/theocean.html"
"Boy","1980","A Day Without Me","lyrics/u2band/adaywithoutme.html"
"Boy","1980","Another Time, Another Place","lyrics/u2band/anothertimeanotherplace.html"
"Boy","1980","The Electric Co.","lyrics/u2band/theelectricco.html"
"Boy","1980","Shadows And Tall Trees","lyrics/u2band/shadowsandtalltrees.html"
"October","1981","Gloria","lyrics/u2band/gloria.html"
"October","1981","I Fall Down","lyrics/u2band/ifalldown.html"
"October","1981","I Threw A Brick Through A Window","lyrics/u2band/ithrewabrickthroughawindow.html"
"October","1981","Rejoice","lyrics/u2band/rejoice.html"
"October","1981","Fire","lyrics/u2band/fire.html"
"October","1981","Tomorrow","lyrics/u2band/tomorrow.html"
"October","1981","October","lyrics/u2band/october.html"
"October","1981","With A Shout","lyrics/u2band/withashout.html"
"October","1981","Stranger In A Strange Land","lyrics/u2band/strangerinastrangeland.html"
"October","1981","Is That All","lyrics/u2band/isthatall.html"
"War","1983","Sunday Bloody Sunday","lyrics/u2band/sundaybloodysunday.html"
"War","1983","Seconds","lyrics/u2band/seconds.html"
"War","1983","New Year's Day","lyrics/u2band/newyearsday.html"
"War","1983","Like A Song","lyrics/u2band/likeasong.html"
"War","1983","Drowning Man","lyrics/u2band/drowningman.html"
"War","1983","The Refugee","lyrics/u2band/therefugee.html"
"War","1983","Two Hearts Beat As One","lyrics/u2band/twoheartsbeatasone.html"
"War","1983","Red Light","lyrics/u2band/redlight.html"
"War","1983","Surrender","lyrics/u2band/surrender.html"
"War","1983","40","lyrics/u2band/40.html"
"The Unforgettable Fire","1984","A Sort Of Homecoming","lyrics/u2band/asortofhomecoming.html"
"The Unforgettable Fire","1984","Pride (In The Name Of Love)","lyrics/u2band/prideinthenameoflove.html"
"The Unforgettable Fire","1984","Wire","lyrics/u2band/wire.html"
"The Unforgettable Fire","1984","The Unforgettable Fire","lyrics/u2band/theunforgettablefire.html"
"The Unforgettable Fire","1984","Promenade","lyrics/u2band/promenade.html"
"The Unforgettable Fire","1984",NA,NA
"The Unforgettable Fire","1984","Bad","lyrics/u2band/bad.html"
"The Unforgettable Fire","1984","Indian Summer Sky","lyrics/u2band/indiansummersky.html"
"The Unforgettable Fire","1984","Elvis Presley And America","lyrics/u2band/elvispresleyandamerica.html"
"The Unforgettable Fire","1984","MLK","lyrics/u2band/mlk.html"
"The Unforgettable Fire","1984","Disappearing Act","lyrics/u2band/disappearingact.html"
"The Unforgettable Fire","1984","11 O'Clock Tick Tock","lyrics/u2band/11oclockticktock.html"
"The Unforgettable Fire","1984","Boomerang II","lyrics/u2band/boomerangii.html"
"The Joshua Tree","1987","Where The Streets Have No Name","lyrics/u2band/wherethestreetshavenoname.html"
"The Joshua Tree","1987","I Still Haven't Found What I'm Looking For","lyrics/u2band/istillhaventfoundwhatimlookingfor.html"
"The Joshua Tree","1987","With Or Without You","lyrics/u2band/withorwithoutyou.html"
"The Joshua Tree","1987","Bullet The Blue Sky","lyrics/u2band/bulletthebluesky.html"
"The Joshua Tree","1987","Running To Stand Still","lyrics/u2band/runningtostandstill.html"
"The Joshua Tree","1987","Red Hill Mining Town","lyrics/u2band/redhillminingtown.html"
"The Joshua Tree","1987","In God's Country","lyrics/u2band/ingodscountry.html"
"The Joshua Tree","1987","Trip Through Your Wires","lyrics/u2band/tripthroughyourwires.html"
"The Joshua Tree","1987","One Tree Hill","lyrics/u2band/onetreehill.html"
"The Joshua Tree","1987","Exit","lyrics/u2band/exit.html"
"The Joshua Tree","1987","Mothers Of The Disappeared","lyrics/u2band/mothersofthedisappeared.html"
"The Joshua Tree","1987","Desert Of Our Love","lyrics/u2band/desertofourlove.html"
"The Joshua Tree","1987","Rise Up","lyrics/u2band/riseup.html"
"The Joshua Tree","1987","Drunk Chicken/America","lyrics/u2band/drunkchickenamerica.html"
"The Joshua Tree","1987","Deep In The Heart","lyrics/u2band/deepintheheart.html"
"The Joshua Tree","1987","Sweetest Thing","lyrics/u2band/sweetestthing.html"
"The Joshua Tree","1987","Race Against Time","lyrics/u2band/raceagainsttime.html"
"Rattle And Hum","1988","Helter Skelter","lyrics/u2band/helterskelter.html"
"Rattle And Hum","1988","Van Diemen's Land","lyrics/u2band/vandiemensland.html"
"Rattle And Hum","1988","Desire","lyrics/u2band/desire.html"
"Rattle And Hum","1988","Hawkmoon 269","lyrics/u2band/hawkmoon269.html"
"Rattle And Hum","1988","All Along The Watchtower","lyrics/u2band/allalongthewatchtower.html"
"Rattle And Hum","1988","I Still Haven't Found What I'm Looking For","lyrics/u2band/istillhaventfoundwhatimlookingfor.html"
"Rattle And Hum","1988","Freedom For My People","lyrics/u2band/freedomformypeople.html"
"Rattle And Hum","1988","Silver And Gold","lyrics/u2band/silverandgold.html"
"Rattle And Hum","1988","Pride (In The Name Of Love)","lyrics/u2band/prideinthenameoflove.html"
"Rattle And Hum","1988","Angel Of Harlem","lyrics/u2band/angelofharlem.html"
"Rattle And Hum","1988","Love Rescue Me","lyrics/u2band/loverescueme.html"
"Rattle And Hum","1988","When Love Comes To Town","lyrics/u2band/whenlovecomestotown.html"
"Rattle And Hum","1988","Heartland","lyrics/u2band/heartland.html"
"Rattle And Hum","1988","God Part II","lyrics/u2band/godpartii.html"
"Rattle And Hum","1988",NA,NA
"Rattle And Hum","1988","Bullet The Blue Sky (Live)","lyrics/u2band/bullettheblueskylive.html"
"Rattle And Hum","1988","All I Want Is You","lyrics/u2band/alliwantisyou.html"
"Achtung Baby","1991","Zoo Station","lyrics/u2band/zoostation.html"
"Achtung Baby","1991","Even Better Than The Real Thing","lyrics/u2band/evenbetterthantherealthing.html"
"Achtung Baby","1991","One","lyrics/u2band/one.html"
"Achtung Baby","1991","Until The End Of The World","lyrics/u2band/untiltheendoftheworld.html"
"Achtung Baby","1991","Who's Gonna Ride Your Wild Horses","lyrics/u2band/whosgonnarideyourwildhorses.html"
"Achtung Baby","1991","So Cruel","lyrics/u2band/socruel.html"
"Achtung Baby","1991","The Fly","lyrics/u2band/thefly.html"
"Achtung Baby","1991","Mysterious Ways","lyrics/u2band/mysteriousways.html"
"Achtung Baby","1991","Tryin' To Throw Your Arms Around The World","lyrics/u2band/tryintothrowyourarmsaroundtheworld.html"
"Achtung Baby","1991","Ultraviolet (Light My Way)","lyrics/u2band/ultravioletlightmyway.html"
"Achtung Baby","1991","Acrobat","lyrics/u2band/acrobat.html"
"Achtung Baby","1991","Love Is Blindness","lyrics/u2band/loveisblindness.html"
"Achtung Baby","1991","Blow Your House Down","lyrics/u2band/blowyourhousedown.html"
"Zooropa","1993","Zooropa","lyrics/u2band/zooropa.html"
"Zooropa","1993","Babyface","lyrics/u2band/babyface.html"
"Zooropa","1993","Numb","lyrics/u2band/numb.html"
"Zooropa","1993","Lemon","lyrics/u2band/lemon.html"
"Zooropa","1993","Stay (Faraway, So Close!)","lyrics/u2band/stayfarawaysoclose.html"
"Zooropa","1993","Daddy's Gonna Pay For Your Crashed Car","lyrics/u2band/daddysgonnapayforyourcrashedcar.html"
"Zooropa","1993","Some Days Are Better Than Others","lyrics/u2band/somedaysarebetterthanothers.html"
"Zooropa","1993","The First Time","lyrics/u2band/thefirsttime.html"
"Zooropa","1993","Dirty Day","lyrics/u2band/dirtyday.html"
"Zooropa","1993","The Wanderer","lyrics/u2band/thewanderer.html"
"Passengers","1995","Slug","lyrics/u2band/slug.html"
"Passengers","1995","Your Blue Room","lyrics/u2band/yourblueroom.html"
"Passengers","1995","A Different Kind Of Blue","lyrics/u2band/adifferentkindofblue.html"
"Passengers","1995","Miss Sarajevo","lyrics/u2band/misssarajevo.html"
"Passengers","1995","Ito Okashi","lyrics/u2band/itookashi.html"
"Passengers","1995","Elvis Ate America","lyrics/u2band/elvisateamerica.html"
"Pop","1997","Discotheque","lyrics/u2band/discotheque.html"
"Pop","1997","Do You Feel Loved","lyrics/u2band/doyoufeelloved.html"
"Pop","1997","Mofo","lyrics/u2band/mofo.html"
"Pop","1997","If God Will Send His Angels","lyrics/u2band/ifgodwillsendhisangels.html"
"Pop","1997","Staring At The Sun","lyrics/u2band/staringatthesun.html"
"Pop","1997","Last Night On Earth","lyrics/u2band/lastnightonearth.html"
"Pop","1997","Gone","lyrics/u2band/gone.html"
"Pop","1997","Miami","lyrics/u2band/miami.html"
"Pop","1997","Playboy Mansion","lyrics/u2band/playboymansion.html"
"Pop","1997","If You Wear That Velvet Dress","lyrics/u2band/ifyouwearthatvelvetdress.html"
"Pop","1997","Please","lyrics/u2band/please.html"
"Pop","1997","Wake Up Dead Man","lyrics/u2band/wakeupdeadman.html"
"Pop","1997","Holy Joe (Guilty Mix)","lyrics/u2band/holyjoeguiltymix.html"
"The Best Of 1980-1990","1998","Three Sunrises","lyrics/u2band/threesunrises.html"
"The Best Of 1980-1990","1998","Spanish Eyes","lyrics/u2band/spanisheyes.html"
"The Best Of 1980-1990","1998","The Sweetest Thing","lyrics/u2band/thesweetestthing.html"
"The Best Of 1980-1990","1998","Love Comes Tumbling","lyrics/u2band/lovecomestumbling.html"
"The Best Of 1980-1990","1998","Dancing Barefoot","lyrics/u2band/dancingbarefoot.html"
"The Best Of 1980-1990","1998","Everlasting Love","lyrics/u2band/everlastinglove.html"
"The Best Of 1980-1990","1998","Unchained Melody","lyrics/u2band/unchainedmelody.html"
"The Best Of 1980-1990","1998","Walk To The Water","lyrics/u2band/walktothewater.html"
"The Best Of 1980-1990","1998","Luminous Times (Hold On To Love)","lyrics/u2band/luminoustimesholdontolove.html"
"The Best Of 1980-1990","1998","Hallelujah  (Here She Comes)","lyrics/u2band/hallelujahhereshecomes.html"
"The Best Of 1980-1990","1998","Silver And Gold","lyrics/u2band/silverandgold.html"
"The Best Of 1980-1990","1998","Endless Deep","lyrics/u2band/endlessdeep.html"
"The Best Of 1980-1990","1998","A Room At The Heartbreak Hotel","lyrics/u2band/aroomattheheartbreakhotel.html"
"The Best Of 1980-1990","1998","Party Girl","lyrics/u2band/partygirl.html"
"All That You Cant Leave Behind","2000","Beautiful Day","lyrics/u2band/beautifulday.html"
"All That You Cant Leave Behind","2000","Elevation","lyrics/u2band/elevation.html"
"All That You Cant Leave Behind","2000","Walk On","lyrics/u2band/walkon.html"
"All That You Cant Leave Behind","2000","Stuck In A Moment You Can't Get Out Of","lyrics/u2band/stuckinamomentyoucantgetoutof.html"
"All That You Cant Leave Behind","2000","Peace On Earth","lyrics/u2band/peaceonearth.html"
"All That You Cant Leave Behind","2000","Kite","lyrics/u2band/kite.html"
"All That You Cant Leave Behind","2000","New York","lyrics/u2band/newyork.html"
"All That You Cant Leave Behind","2000","In A Little While","lyrics/u2band/inalittlewhile.html"
"All That You Cant Leave Behind","2000","Wild Honey","lyrics/u2band/wildhoney.html"
"All That You Cant Leave Behind","2000","When I Look At The World","lyrics/u2band/whenilookattheworld.html"
"All That You Cant Leave Behind","2000","Grace","lyrics/u2band/grace.html"
"How To Dismantle An Atomic Bomb","2004","Vertigo","lyrics/u2band/vertigo.html"
"How To Dismantle An Atomic Bomb","2004","Miracle Drug","lyrics/u2band/miracledrug.html"
"How To Dismantle An Atomic Bomb","2004","Sometimes You Can't Make It On Your Own","lyrics/u2band/sometimesyoucantmakeitonyourown.html"
"How To Dismantle An Atomic Bomb","2004","Love And Peace Or Else","lyrics/u2band/loveandpeaceorelse.html"
"How To Dismantle An Atomic Bomb","2004","City Of Blinding Lights","lyrics/u2band/cityofblindinglights.html"
"How To Dismantle An Atomic Bomb","2004","All Because Of You","lyrics/u2band/allbecauseofyou.html"
"How To Dismantle An Atomic Bomb","2004","A Man And A Woman","lyrics/u2band/amanandawoman.html"
"How To Dismantle An Atomic Bomb","2004","Crumbs From Your Table","lyrics/u2band/crumbsfromyourtable.html"
"How To Dismantle An Atomic Bomb","2004","One Step Closer","lyrics/u2band/onestepcloser.html"
"How To Dismantle An Atomic Bomb","2004","Original Of The Species","lyrics/u2band/originalofthespecies.html"
"How To Dismantle An Atomic Bomb","2004","Yahweh","lyrics/u2band/yahweh.html"
"How To Dismantle An Atomic Bomb","2004","Fast Cars","lyrics/u2band/fastcars.html"
"Medium Rare Remastered","2009","Levitate","lyrics/u2band/levitate.html"
"Medium Rare Remastered","2009","Love You Like Mad","lyrics/u2band/loveyoulikemad.html"
"Medium Rare Remastered","2009","Smile","lyrics/u2band/smile.html"
"Medium Rare Remastered","2009","Flower Child","lyrics/u2band/flowerchild.html"
"Medium Rare Remastered","2009","Beautiful Ghost","lyrics/u2band/beautifulghost.html"
"Medium Rare Remastered","2009","Jesus Christ","lyrics/u2band/jesuschrist.html"
"Medium Rare Remastered","2009","Xanax &amp; Wine","lyrics/u2band/xanaxwine.html"
"Medium Rare Remastered","2009","All Because Of You (Alternative Version)","lyrics/u2band/allbecauseofyoualternativeversion.html"
"Medium Rare Remastered","2009","Native Son","lyrics/u2band/nativeson.html"
"Medium Rare Remastered","2009","Yahweh (Alternative Version)","lyrics/u2band/yahwehalternativeversion.html"
"Medium Rare Remastered","2009","Sometimes You Can't Make It On Your Own (Alternative Version)","lyrics/u2band/sometimesyoucantmakeitonyourownalternativeversion.html"
"Medium Rare Remastered","2009","Saturday Night","lyrics/u2band/saturdaynight.html"
"Medium Rare Remastered","2009","Trash, Trampoline And The Party Girl","lyrics/u2band/trashtrampolineandthepartygirl.html"
"Medium Rare Remastered","2009","Angels Too Tied To The Ground","lyrics/u2band/angelstootiedtotheground.html"
"Medium Rare Remastered","2009","Wave Of Sorrow","lyrics/u2band/waveofsorrow.html"
"Medium Rare Remastered","2009","Always","lyrics/u2band/always.html"
"Medium Rare Remastered","2009","Summer Rain","lyrics/u2band/summerrain.html"
"Medium Rare Remastered","2009","Big Girls Are Best","lyrics/u2band/biggirlsarebest.html"
"Medium Rare Remastered","2009","Fast Cars","lyrics/u2band/fastcars.html"
"Medium Rare Remastered","2009","Neon Lights","lyrics/u2band/neonlights.html"
"No Line On The Horizon","2009","No Line On The Horizon","lyrics/u2band/nolineonthehorizon.html"
"No Line On The Horizon","2009","Magnificent","lyrics/u2band/magnificent.html"
"No Line On The Horizon","2009","Moment Of Surrender","lyrics/u2band/momentofsurrender.html"
"No Line On The Horizon","2009","Unknown Caller","lyrics/u2band/unknowncaller.html"
"No Line On The Horizon","2009","I'll Go Crazy If I Don't Go Crazy Tonight","lyrics/u2band/illgocrazyifidontgocrazytonight.html"
"No Line On The Horizon","2009","Get On Your Boots","lyrics/u2band/getonyourboots.html"
"No Line On The Horizon","2009","Stand Up Comedy","lyrics/u2band/standupcomedy.html"
"No Line On The Horizon","2009","Fez - Being Born","lyrics/u2band/fezbeingborn.html"
"No Line On The Horizon","2009","White As Snow","lyrics/u2band/whiteassnow.html"
"No Line On The Horizon","2009","Breathe","lyrics/u2band/breathe.html"
"No Line On The Horizon","2009","Cedars Of Lebanon","lyrics/u2band/cedarsoflebanon.html"
"Songs Of Innocence","2014","The Miracle (Of Joey Ramone)","lyrics/u2band/themiracleofjoeyramone.html"
"Songs Of Innocence","2014","Every Breaking Wave","lyrics/u2band/everybreakingwave.html"
"Songs Of Innocence","2014","California (There Is No End To Love)","lyrics/u2band/californiathereisnoendtolove.html"
"Songs Of Innocence","2014","Song For Someone","lyrics/u2band/songforsomeone.html"
"Songs Of Innocence","2014","Iris (Hold Me Close)","lyrics/u2band/irisholdmeclose.html"
"Songs Of Innocence","2014","Volcano","lyrics/u2band/volcano.html"
"Songs Of Innocence","2014","Raised By Wolves","lyrics/u2band/raisedbywolves.html"
"Songs Of Innocence","2014","Cedarwood Road","lyrics/u2band/cedarwoodroad.html"
"Songs Of Innocence","2014","Sleep Like A Baby Tonight","lyrics/u2band/sleeplikeababytonight.html"
"Songs Of Innocence","2014","This Is Where You Can Reach Me Now","lyrics/u2band/thisiswhereyoucanreachmenow.html"
"Songs Of Innocence","2014","The Troubles","lyrics/u2band/thetroubles.html"
"Songs Of Innocence","2014","Lucifer's Hands","lyrics/u2band/lucifershands.html"
"Songs Of Innocence","2014","The Crystal Ballroom","lyrics/u2band/thecrystalballroom.html"
"Songs Of Innocence","2014","The Troubles (Alternative Version)","lyrics/u2band/thetroublesalternativeversion.html"
"Songs Of Innocence","2014","Sleep Like A Baby Tonight (Alternative Mix)","lyrics/u2band/sleeplikeababytonightalternativemix.html"
"Songs Of Innocence","2014","Invisible","lyrics/u2band/invisible.html"
"Songs Of Innocence","2014","The Crystal Ballroom (12&quot; Mix)","lyrics/u2band/thecrystalballroom12mix.html"
"Songs Of Experience","2017","Love Is All We Have Left","lyrics/u2band/loveisallwehaveleft.html"
"Songs Of Experience","2017","Lights Of Home","lyrics/u2band/lightsofhome.html"
"Songs Of Experience","2017","You're The Best Thing About Me","lyrics/u2band/yourethebestthingaboutme.html"
"Songs Of Experience","2017","Get Out Of Your Own Way","lyrics/u2band/getoutofyourownway.html"
"Songs Of Experience","2017","American Soul","lyrics/u2band/americansoul.html"
"Songs Of Experience","2017","Summer Of Love","lyrics/u2band/summeroflove.html"
"Songs Of Experience","2017","Red Flag Day","lyrics/u2band/redflagday.html"
"Songs Of Experience","2017","The Showman (Little More Better)","lyrics/u2band/theshowmanlittlemorebetter.html"
"Songs Of Experience","2017","The Little Things That Give You Away","lyrics/u2band/thelittlethingsthatgiveyouaway.html"
"Songs Of Experience","2017","Landlady","lyrics/u2band/landlady.html"
"Songs Of Experience","2017","The Blackout","lyrics/u2band/theblackout.html"
"Songs Of Experience","2017","Love Is Bigger Than Anything In Its Way","lyrics/u2band/loveisbiggerthananythinginitsway.html"
"Songs Of Experience","2017","13 (There Is A Light)","lyrics/u2band/13thereisalight.html"
"Songs Of Experience","2017","Ordinary Love (Extraordinary Mix)","lyrics/u2band/ordinaryloveextraordinarymix.html"
"Songs Of Experience","2017","Book Of Your Heart","lyrics/u2band/bookofyourheart.html"
"Songs Of Experience","2017","Lights Of Home (St Peter's String Version)","lyrics/u2band/lightsofhomestpetersstringversion.html"
"Songs Of Experience","2017","You're The Best Thing About Me (U2 vs. Kygo)","lyrics/u2band/yourethebestthingaboutmeu2vskygo.html"
